Model,adj_weighted_FCR,adj_weighted_RR,mean_split_rate,total_effective_n
chatgpt,0.0,1.0,0.0,3600.0
deepseek,0.03449297140447905,0.9632893679472234,0.0022222222222222222,3584.088888888889
gemini,0.09542539550981179,0.8697629100721143,0.005589851896096425,3536.211998607689
