model_a,model_b,z_stat,abs_z
chatgpt,gemini,-19.00930887897559,19.00930887897559
chatgpt,deepseek,-11.245045882186052,11.245045882186052
deepseek,gemini,-10.481606518287778,10.481606518287778
